Warning,SA Fire Weather Warning, 
Layer,NBNWAS 
5BPT-51-02
5BPT-54-01
5MIC-51-02
5MIC-51-03
5MIC-51-05
5MTG-51-01
5MTG-51-03
5MTG-51-05
5MTG-51-06
5MTG-51-07
5MTG-51-08
5MTG-51-09
5MTG-51-10
5MTG-51-11
5NAR-51-04
5NAR-51-05
5NAR-51-07
5NAR-54-01
5PEL-51-01
5PEL-51-02
5PEL-51-03
5PEL-51-04
5YKL-51-02
5YKL-51-03
5YKL-51-05
5YKL-54-04


Warning,TAS Fire Weather Warning, 
Layer,NBNWAS 
7CLT-51-01
7CLT-54-08
7CYE-51-01
7CYE-51-03
7CYE-51-04
7CYE-51-05
7CYE-51-06
7CYE-51-07
7DSF-51-02
7DSF-51-03
7DSF-51-04
7DSF-51-05
7DSF-51-07
7DSF-54-08
7HUL-51-01
7HUL-51-02
7HUL-51-03
7HUL-51-04
7HUL-51-05
7HUL-51-07
7HUL-51-09
7HUL-51-10
7MGT-51-03
7MGT-51-05
7MGT-51-07
7MGT-51-08
7NOL-51-01
7NOL-51-02
7NOL-51-03
7NOL-51-04
7NOL-51-05
7NOL-51-06
7NOL-51-10
7NOL-51-12
7NOL-51-14
7NOL-51-15
7NOL-51-16
7NOL-54-17
7SCA-51-01
7SCA-51-03
7SOR-51-01
7SOR-51-02
7SOR-51-03
7SOR-51-04
7SOR-51-05
7SOR-51-06
7SOR-51-09
7SOR-51-10
7SWA-51-01
7SWA-51-02
7SWA-51-03
7SWA-51-04


